[{
    "_id": {
      "$oid": "65740be53527bb00fce9c38e"
    },
    "productID": {
      "$oid": "64f87d60502c1b80556de15a"
      
    },
    "userID": {
      "$oid": "64f865337f12bc50f718d79a"
    },
    "des": "Lorem Ipsum is simply dummy text of the printing and typesetting industry.",
    "rating": "5",
    "updatedAt": "2023-09-06T16:55:10.499Z",
    "createdAt": "2023-09-06T16:54:17.469Z"
  },
  {
    "_id": {
      "$oid": "65740be53527bb00fce9c38f"
    },
    "productID": {
      "$oid": "64f87d60502c1b80556de15b"
    },
    "userID": {
      "$oid": "64f865337f12ba50f718d79b"
    },
    "des": "Another example of text.",
    "rating": "4",
    "updatedAt": "2023-09-07T12:30:45.678Z",
    "createdAt": "2023-09-07T12:29:58.123Z"
  },
  {
    "_id": {
      "$oid": "65740be53527bb00fce9c390"
    },
    "productID": {
      "$oid": "64f87d60502c1b80556de15c"
    },
    "userID": {
      "$oid": "64f865337f12ba50f718d79c"
    },
    "des": "Yet another example text.",
    "rating": "3",
    "updatedAt": "2023-09-08T08:45:22.765Z",
    "createdAt": "2023-09-08T08:44:37.222Z"
  },
  {
    "_id": {
      "$oid": "65740be53527bb00fce9c391"
    },
    "productID": {
      "$oid": "64f87d60502c1b80556de15d"
    },
    "userID": {
      "$oid": "64f865337f12ba50f718d79d"
    },
    "des": "One more example text for testing.",
    "rating": "2",
    "updatedAt": "2023-09-09T20:15:30.111Z",
    "createdAt": "2023-09-09T20:14:44.876Z"
  },
  {
    "_id": {
      "$oid": "65740be53527bb00fce9c392"
    },
    "productID": {
      "$oid": "64f87d60502c1b80556de15e"
    },
    "userID": {
      "$oid": "64f865337f12ba50f718d79e"
    },
    "des": "Final example text.",
    "rating": "1",
    "updatedAt": "2023-09-10T06:40:55.333Z",
    "createdAt": "2023-09-10T06:40:10.987Z"
  }]